<?xml version="1.0" encoding="UTF-8"?><MD_Metadata xmlns:gts="http://www.isotc211.org/2005/gts" xmlns:gco="http://www.isotc211.org/2005/gco" xmlns:xalan="http://xml.apache.org/xalan" xmlns:srv="http://www.isotc211.org/2005/srv" xmlns:gmx="http://www.isotc211.org/2005/gmx" xmlns:xlink="http://www.w3.org/1999/xlink" xmlns:xsi="http://www.w3.org/2001/XMLSchema-instance" xmlns:gml="http://www.opengis.net/gml" xmlns="http://www.isotc211.org/2005/gmd">
    <fileIdentifier>
        <gco:CharacterString>ece2f484a95148328a1d949cf6b72be2</gco:CharacterString>
    </fileIdentifier>
    <language>
        <LanguageCode codeList="http://www.loc.gov/standards/iso639-2/php/code_list.php" codeListValue="eng" codeSpace="ISO639-2">eng</LanguageCode>
    </language>
    <characterSet>
        <MD_CharacterSetCode codeList="http://www.isotc211.org/2005/resources/Codelist/gmxCodelists.xml#MD_CharacterSetCode" codeListValue="utf8" codeSpace="ISOTC211/19115">utf8</MD_CharacterSetCode>
    </characterSet>
    <hierarchyLevel>
        <MD_ScopeCode codeList="http://www.isotc211.org/2005/resources/Codelist/gmxCodelists.xml#MD_ScopeCode" codeListValue="dataset" codeSpace="ISOTC211/19115">dataset</MD_ScopeCode>
    </hierarchyLevel>
    <hierarchyLevelName>
        <gco:CharacterString>dataset</gco:CharacterString>
    </hierarchyLevelName>
    <contact>
        <CI_ResponsibleParty>
            <organisationName>
                <gco:CharacterString>Geoscience Australia</gco:CharacterString>
            </organisationName>
            <role>
                <CI_RoleCode codeList="http://www.isotc211.org/2005/resources/Codelist/gmxCodelists.xml#CI_RoleCode" codeListValue="pointOfContact" codeSpace="ISOTC211/19115">pointOfContact</CI_RoleCode>
            </role>
        </CI_ResponsibleParty>
    </contact>
    <dateStamp gco:nilReason="missing"/>
    <metadataStandardName>
        <gco:CharacterString>ISO 19139 Geographic Information - Metadata - Implementation Specification</gco:CharacterString>
    </metadataStandardName>
    <metadataStandardVersion>
        <gco:CharacterString>2007</gco:CharacterString>
    </metadataStandardVersion>
    <identificationInfo>
        <MD_DataIdentification>
            <citation>
                <CI_Citation>
                    <title>
                        <gco:CharacterString>Petrol Stations</gco:CharacterString>
                    </title>
                    <date>
                        <CI_Date>
                            <date>
                                <gco:Date>2024-06-06</gco:Date>
                            </date>
                            <dateType>
                                <CI_DateTypeCode codeList="http://www.isotc211.org/2005/resources/Codelist/gmxCodelists.xml#CI_DateTypeCode" codeListValue="revision" codeSpace="ISOTC211/19115">revision</CI_DateTypeCode>
                            </dateType>
                        </CI_Date>
                    </date>
                    <citedResponsibleParty>
                        <CI_ResponsibleParty>
                            <organisationName>
                                <gco:CharacterString>Geoscience Australia</gco:CharacterString>
                            </organisationName>
                            <role>
                                <CI_RoleCode codeList="http://www.isotc211.org/2005/resources/Codelist/gmxCodelists.xml#CI_RoleCode" codeListValue="custodian" codeSpace="ISOTC211/19115">custodian</CI_RoleCode>
                            </role>
                        </CI_ResponsibleParty>
                    </citedResponsibleParty>
                </CI_Citation>
            </citation>
            <abstract>
                <gco:CharacterString>﻿AbstractThis web service provides access to the National Liquid Fuel Facilities Datasets, representing the spatial locations of all known petrol stations located within Australia, all complemented with feature attribution.The purpose of the Petrol Stations is to support decision makers from industry, governments and other interested parties make better, and more informed decisions based on evidence based information.All petrol stations listed on the owner/operator websites have been captured but facilities owned/operated by smaller distributors may have been missed.The next revision of this database will be determined by Geoscience Australia’s work program. This timeframe ranges between 1 and 5 years or by formal written agreement with Geoscience Australia.CurrencyDate modified: September 2022Modification frequency: Between 1 and 5 yearsData extentSpatial extentNorth: -9.00°South: -44.00°East: 154.00°West: 112.00°Temporal extentFrom July 2012 to September 2022Source informationWhere updates were not completed the primary information sources were used to identify and attribute the petrol stations from the owner/operator websites. In the majority of instances, the websites provided a location list or map application and the petrol stations location were then validated against imagery. For the New South Wales update the NSW Fuel API was used. For Queensland update the Fuel Prices direct API was used. For Western Australia update the FuelWatch RSS feed was used. The Geocoded National Address File (GNAF) data was then used to address match data though attributional and spatial methods.Catalog entry: Petrol StationsLineage statementThe petrol stations dataset was released as a subset of the Liquid Fuels Facilities as a web service in February 2016 and has been used within the following dataset where updates were not available. It was initially digitized in 2011/2012 from the library of imagery held within Geoscience Australia. Imagery used ranged from 0.15m to 2.5m resolution. The new updates to the states include New South Wales receiving a complete update via the NSW Fuel API that is supported by the Department of Customer Service. Queensland receiving a complete update using the Queensland Fuel Prices direct API supported by the Department of Energy and Public Works. Western Australia receiving a partial update with newly identified data utilising the FuelWatch RSS feed which is supported by the Department of Mines, Industry Regulation and Safety. The GNAF data was then used to complete a string match on the address names in the initial instance. Unmatched records we then ran through a near neighbour algorithm in an attempt to address match at 10m, 20m, 30m, 50m, 60m and 100m intervals. The dataset contains both the original address and attribute information along with the GNAF unique PID and relevant address attribution.Data dictionaryAll layersAttribute nameDescriptionDISTANCE_TO_GNAFDistance of the GNAF from the petrol Station location point in metres (0 to 100m) and greater than 100mFEATURE_TYPEDescribes the type of featureGNAF_ADDRESS_DETAIL_PIDThe unique ID defined within the G-NAF address dataGNAF_ASSIGNMENT_METHODThe method used to capture the spatial component of the data and compare to G-NAFGNAF_CONFIDENCE2 - This reflects that all three contributors have supplied an identical address; 1 - This reflects that a match has been achieved between only two contributors; 0 - This reflects that a single contributor holds this address and no match has been achieved with either or the other two contributors; -1 - Was not used in this processGNAF_FORMATTED_ADDRESSThe G-NAF address where this feature is locatedGNAF_POSTCODEThe G-NAF postcode where this feature is locatedGNAF_SUBURBThe G-NAF suburb where this feature is locatedINDUSTRY_IDIndustry ID of the petrol stationOPERATIONAL_STATUSA description of the feature’s statusSPATIAL_CONFIDENCEA confidence value (5 = high to 1 = low) of the feature’s spatial location as assigned by the spatial professionalSTATION_ADDRESSThe address of this featureSTATION_DESCRIPTIONBrief description of the feature typeSTATION_NAMEThe name of this featureSTATION_OWNEROwner of the facilitySTATION_POSTCODEPostcode for the physical street address of this featureSTATION_REVISED_DATEThe date the feature was last revisedSTATION_STATEThe state where this feature is locatedSTATION_SUBURBThe suburb where this feature is locatedContactGeoscience Australia, clientservices@ga.gov.au</gco:CharacterString>
            </abstract>
            <purpose>
                <gco:CharacterString>Locations of all known petrol stations located within Australia. Listing provided by Geoscience Australia (GA).</gco:CharacterString>
            </purpose>
            <credit>
                <gco:CharacterString>© Commonwealth of Australia (Geoscience Australia) 2023.</gco:CharacterString>
            </credit>
            <descriptiveKeywords>
                <MD_Keywords>
                    <keyword>
                        <gco:CharacterString>Foundation</gco:CharacterString>
                    </keyword>
                    <keyword>
                        <gco:CharacterString>Physical Infrastructure</gco:CharacterString>
                    </keyword>
                    <keyword>
                        <gco:CharacterString>Transportation</gco:CharacterString>
                    </keyword>
                    <keyword>
                        <gco:CharacterString>Economy</gco:CharacterString>
                    </keyword>
                </MD_Keywords>
            </descriptiveKeywords>
            <resourceConstraints>
                <MD_Constraints>
                    <useLimitation>
                        <gco:CharacterString>﻿License: Creative Commons Attribution 4.0.
Access rights: Open
Security classification: OFFICIAL</gco:CharacterString>
                    </useLimitation>
                </MD_Constraints>
            </resourceConstraints>
            <language>
                <LanguageCode codeList="http://www.loc.gov/standards/iso639-2/php/code_list.php" codeListValue="eng" codeSpace="ISO639-2">eng</LanguageCode>
            </language>
            <characterSet>
                <MD_CharacterSetCode codeList="http://www.isotc211.org/2005/resources/Codelist/gmxCodelists.xml#MD_CharacterSetCode" codeListValue="utf8" codeSpace="ISOTC211/19115">utf8</MD_CharacterSetCode>
            </characterSet>
            <topicCategory>
                <MD_TopicCategoryCode>structure</MD_TopicCategoryCode>
            </topicCategory>
            <extent>
                <EX_Extent>
                    <geographicElement>
                        <EX_GeographicBoundingBox>
                            <westBoundLongitude>
                                <gco:Decimal>113</gco:Decimal>
                            </westBoundLongitude>
                            <eastBoundLongitude>
                                <gco:Decimal>154</gco:Decimal>
                            </eastBoundLongitude>
                            <southBoundLatitude>
                                <gco:Decimal>-44</gco:Decimal>
                            </southBoundLatitude>
                            <northBoundLatitude>
                                <gco:Decimal>-9</gco:Decimal>
                            </northBoundLatitude>
                        </EX_GeographicBoundingBox>
                    </geographicElement>
                </EX_Extent>
            </extent>
        </MD_DataIdentification>
    </identificationInfo>
    <distributionInfo>
        <MD_Distribution>
            <transferOptions>
                <MD_DigitalTransferOptions>
                    <onLine>
                        <CI_OnlineResource>
                            <linkage>
                                <URL>https://services.ga.gov.au/gis/rest/services/Liquid_Fuel_Facilities/MapServer/3</URL>
                            </linkage>
                        </CI_OnlineResource>
                    </onLine>
                </MD_DigitalTransferOptions>
            </transferOptions>
        </MD_Distribution>
    </distributionInfo>
</MD_Metadata>
